ticker,name,type,image_url,,,,,,,,,
AAPL,Apple Inc.,stock,,,,,,,,,,
MSFT,Microsoft Corporation,stock,,,,,,,,,,
AMZN,Amazon.com Inc.,stock,,,,,,,,,,
GOOGL,Alphabet Inc. Class A,stock,,,,,,,,,,
GOOG,Alphabet Inc. Class C,stock,,,,,,,,,,
BRK.B,Berkshire Hathaway Inc. Class B,stock,,,,,,,,,,
TSLA,Tesla Inc,stock,,,,,,,,,,
JNJ,Johnson & Johnson,stock,,,,,,,,,,
UNH,UnitedHealth Group Incorporated,stock,,,,,,,,,,
FB,Meta Platforms Inc. Class A,stock,,,,,,,,,,
NVDA,NVIDIA Corporation,stock,,,,,,,,,,
XOM,Exxon Mobil Corporation,stock,,,,,,,,,,
JPM,JPMorgan Chase & Co.,stock,,,,,,,,,,
PG,Procter & Gamble Company,stock,,,,,,,,,,
V,Visa Inc. Class A,stock,,,,,,,,,,
CVX,Chevron Corporation,stock,,,,,,,,,,
HD,Home Depot Inc.,stock,,,,,,,,,,
PFE,Pfizer Inc.,stock,,,,,,,,,,
MA,Mastercard Incorporated Class A,stock,,,,,,,,,,
ABBV,AbbVie Inc.,stock,,,,,,,,,,
BAC,Bank of America Corp,stock,,,,,,,,,,
LLY,Eli Lilly and Company,stock,,,,,,,,,,
KO,Coca-Cola Company,stock,,,,,,,,,,
MRK,Merck & Co. Inc.,stock,,,,,,,,,,
PEP,PepsiCo Inc.,stock,,,,,,,,,,
AVGO,Broadcom Inc.,stock,,,,,,,,,,
TMO,Thermo Fisher Scientific Inc.,stock,,,,,,,,,,
VZ,Verizon Communications Inc.,stock,,,,,,,,,,
ABT,Abbott Laboratories,stock,,,,,,,,,,
CMCSA,Comcast Corporation Class A,stock,,,,,,,,,,
ADBE,Adobe Inc.,stock,,,,,,,,,,
DIS,Walt Disney Company,stock,,,,,,,,,,
COST,Costco Wholesale Corporation,stock,,,,,,,,,,
CSCO,Cisco Systems Inc.,stock,,,,,,,,,,
ACN,Accenture Plc Class A,stock,,,,,,,,,,
MCD,McDonald's Corporation,stock,,,,,,,,,,
INTC,Intel Corporation,stock,,,,,,,,,,
WMT,Walmart Inc.,stock,,,,,,,,,,
BMY,Bristol-Myers Squibb Company,stock,,,,,,,,,,
WFC,Wells Fargo & Company,stock,,,,,,,,,,
LIN,Linde plc,stock,,,,,,,,,,
DHR,Danaher Corporation,stock,,,,,,,,,,
CRM,Salesforce Inc.,stock,,,,,,,,,,
TXN,Texas Instruments Incorporated,stock,,,,,,,,,,
PM,Philip Morris International Inc.,stock,,,,,,,,,,
AMD,Advanced Micro Devices Inc.,stock,,,,,,,,,,
QCOM,Qualcomm Incorporated,stock,,,,,,,,,,
T,AT&T Inc.,stock,,,,,,,,,,
NEE,NextEra Energy Inc.,stock,,,,,,,,,,
AMGN,Amgen Inc.,stock,,,,,,,,,,
NKE,NIKE Inc. Class B,stock,,,,,,,,,,
MDT,Medtronic Plc,stock,,,,,,,,,,
COP,ConocoPhillips,stock,,,,,,,,,,
UNP,Union Pacific Corporation,stock,,,,,,,,,,
RTX,Raytheon Technologies Corporation,stock,,,,,,,,,,
HON,Honeywell International Inc.,stock,,,,,,,,,,
UPS,United Parcel Service Inc. Class B,stock,,,,,,,,,,
CVS,CVS Health Corporation,stock,,,,,,,,,,
LOW,Lowe's Companies Inc.,stock,,,,,,,,,,
SPGI,S&P Global Inc.,stock,,,,,,,,,,
ANTM,Anthem Inc.,stock,,,,,,,,,,
IBM,International Business Machines Corporation,stock,,,,,,,,,,
MS,Morgan Stanley,stock,,,,,,,,,,
AMT,American Tower Corporation,stock,,,,,,,,,,
ORCL,Oracle Corporation,stock,,,,,,,,,,
CAT,Caterpillar Inc.,stock,,,,,,,,,,
INTU,Intuit Inc.,stock,,,,,,,,,,
GS,Goldman Sachs Group Inc.,stock,,,,,,,,,,
LMT,Lockheed Martin Corporation,stock,,,,,,,,,,
C,Citigroup Inc.,stock,,,,,,,,,,
SCHW,Charles Schwab Corp,stock,,,,,,,,,,
AMAT,Applied Materials Inc.,stock,,,,,,,,,,
AXP,American Express Company,stock,,,,,,,,,,
PYPL,PayPal Holdings Inc.,stock,,,,,,,,,,
MO,Altria Group Inc,stock,,,,,,,,,,
PLD,Prologis Inc.,stock,,,,,,,,,,
DE,Deere & Company,stock,,,,,,,,,,
CB,Chubb Limited,stock,,,,,,,,,,
ADP,Automatic Data Processing Inc.,stock,,,,,,,,,,
BKNG,Booking Holdings Inc.,stock,,,,,,,,,,
NOW,ServiceNow Inc.,stock,,,,,,,,,,
BLK,BlackRock Inc.,stock,,,,,,,,,,
ADI,Analog Devices Inc.,stock,,,,,,,,,,
MDLZ,Mondelez International Inc. Class A,stock,,,,,,,,,,
SBUX,Starbucks Corporation,stock,,,,,,,,,,
DUK,Duke Energy Corporation,stock,,,,,,,,,,
CI,Cigna Corporation,stock,,,,,,,,,,
NFLX,Netflix Inc.,stock,,,,,,,,,,
GE,General Electric Company,stock,,,,,,,,,,
MMM,3M Company,stock,,,,,,,,,,
GILD,Gilead Sciences Inc.,stock,,,,,,,,,,
CCI,Crown Castle International Corp,stock,,,,,,,,,,
ISRG,Intuitive Surgical Inc.,stock,,,,,,,,,,
SYK,Stryker Corporation,stock,,,,,,,,,,
SO,Southern Company,stock,,,,,,,,,,
MU,Micron Technology Inc.,stock,,,,,,,,,,
ZTS,Zoetis Inc. Class A,stock,,,,,,,,,,
MMC,Marsh & McLennan Companies Inc.,stock,,,,,,,,,,
TGT,Target Corporation,stock,,,,,,,,,,
TMUS,T-Mobile US Inc.,stock,,,,,,,,,,
BDX,Becton Dickinson and Company,stock,,,,,,,,,,
EOG,EOG Resources Inc.,stock,,,,,,,,,,
REGN,Regeneron Pharmaceuticals Inc.,stock,,,,,,,,,,
CME,CME Group Inc. Class A,stock,,,,,,,,,,
TJX,TJX Companies Inc,stock,,,,,,,,,,
CSX,CSX Corporation,stock,,,,,,,,,,
D,Dominion Energy Inc,stock,,,,,,,,,,
USB,U.S. Bancorp,stock,,,,,,,,,,
BA,Boeing Company,stock,,,,,,,,,,
LRCX,Lam Research Corporation,stock,,,,,,,,,,
VRTX,Vertex Pharmaceuticals Incorporated,stock,,,,,,,,,,
PNC,PNC Financial Services Group Inc.,stock,,,,,,,,,,
NOC,Northrop Grumman Corporation,stock,,,,,,,,,,
PGR,Progressive Corporation,stock,,,,,,,,,,
CL,Colgate-Palmolive Company,stock,,,,,,,,,,
SHW,Sherwin-Williams Company,stock,,,,,,,,,,
TFC,Truist Financial Corporation,stock,,,,,,,,,,
FIS,Fidelity National Information Services Inc.,stock,,,,,,,,,,
ATVI,Activision Blizzard Inc.,stock,,,,,,,,,,
PXD,Pioneer Natural Resources Company,stock,,,,,,,,,,
WM,Waste Management Inc.,stock,,,,,,,,,,
EW,Edwards Lifesciences Corporation,stock,,,,,,,,,,
EQIX,Equinix Inc.,stock,,,,,,,,,,
SLB,Schlumberger NV,stock,,,,,,,,,,
ITW,Illinois Tool Works Inc.,stock,,,,,,,,,,
CHTR,Charter Communications Inc. Class A,stock,,,,,,,,,,
FISV,Fiserv Inc.,stock,,,,,,,,,,
AON,Aon Plc Class A,stock,,,,,,,,,,
HUM,Humana Inc.,stock,,,,,,,,,,
MPC,Marathon Petroleum Corporation,stock,,,,,,,,,,
OXY,Occidental Petroleum Corporation,stock,,,,,,,,,,
BSX,Boston Scientific Corporation,stock,,,,,,,,,,
EL,Estee Lauder Companies Inc. Class A,stock,,,,,,,,,,
NSC,Norfolk Southern Corporation,stock,,,,,,,,,,
ICE,Intercontinental Exchange Inc.,stock,,,,,,,,,,
NEM,Newmont Corporation,stock,,,,,,,,,,
ETN,Eaton Corp. Plc,stock,,,,,,,,,,
FCX,Freeport-McMoRan Inc.,stock,,,,,,,,,,
APD,Air Products and Chemicals Inc.,stock,,,,,,,,,,
GM,General Motors Company,stock,,,,,,,,,,
SRE,Sempra Energy,stock,,,,,,,,,,
KLAC,KLA Corporation,stock,,,,,,,,,,
DOW,Dow Inc.,stock,,,,,,,,,,
AEP,American Electric Power Company Inc.,stock,,,,,,,,,,
VLO,Valero Energy Corporation,stock,,,,,,,,,,
EMR,Emerson Electric Co.,stock,,,,,,,,,,
CNC,Centene Corporation,stock,,,,,,,,,,
F,Ford Motor Company,stock,,,,,,,,,,
GD,General Dynamics Corporation,stock,,,,,,,,,,
FDX,FedEx Corporation,stock,,,,,,,,,,
HCA,HCA Healthcare Inc,stock,,,,,,,,,,
MCK,McKesson Corporation,stock,,,,,,,,,,
MRNA,Moderna Inc.,stock,,,,,,,,,,
NXPI,NXP Semiconductors NV,stock,,,,,,,,,,
PSA,Public Storage,stock,,,,,,,,,,
SNPS,Synopsys Inc.,stock,,,,,,,,,,
COF,Capital One Financial Corp,stock,,,,,,,,,,
ADM,Archer-Daniels-Midland Company,stock,,,,,,,,,,
MCO,Moody's Corporation,stock,,,,,,,,,,
AIG,American International Group Inc.,stock,,,,,,,,,,
EXC,Exelon Corporation,stock,,,,,,,,,,
LHX,L3Harris Technologies Inc,stock,,,,,,,,,,
DVN,Devon Energy Corporation,stock,,,,,,,,,,
ROP,Roper Technologies Inc.,stock,,,,,,,,,,
PSX,Phillips 66,stock,,,,,,,,,,
DG,Dollar General Corporation,stock,,,,,,,,,,
MET,MetLife Inc.,stock,,,,,,,,,,
CTVA,Corteva Inc,stock,,,,,,,,,,
KMB,Kimberly-Clark Corporation,stock,,,,,,,,,,
WMB,Williams Companies Inc.,stock,,,,,,,,,,
MAR,Marriott International Inc. Class A,stock,,,,,,,,,,
ADSK,Autodesk Inc.,stock,,,,,,,,,,
APH,Amphenol Corporation Class A,stock,,,,,,,,,,
TRV,Travelers Companies Inc.,stock,,,,,,,,,,
GIS,General Mills Inc.,stock,,,,,,,,,,
CDNS,Cadence Design Systems Inc.,stock,,,,,,,,,,
TEL,TE Connectivity Ltd.,stock,,,,,,,,,,
XEL,Xcel Energy Inc.,stock,,,,,,,,,,
ECL,Ecolab Inc.,stock,,,,,,,,,,
SYY,Sysco Corporation,stock,,,,,,,,,,
WBD,Warner Bros. Discovery Inc. Series A,stock,,,,,,,,,,
FTNT,Fortinet Inc.,stock,,,,,,,,,,
IQV,IQVIA Holdings Inc,stock,,,,,,,,,,
ORLY,O'Reilly Automotive Inc.,stock,,,,,,,,,,
STZ,Constellation Brands Inc. Class A,stock,,,,,,,,,,
O,Realty Income Corporation,stock,,,,,,,,,,
WELL,Welltower Inc,stock,,,,,,,,,,
ILMN,Illumina Inc.,stock,,,,,,,,,,
A,Agilent Technologies Inc.,stock,,,,,,,,,,
HPQ,HP Inc.,stock,,,,,,,,,,
PAYX,Paychex Inc.,stock,,,,,,,,,,
PRU,Prudential Financial Inc.,stock,,,,,,,,,,
DLR,Digital Realty Trust Inc.,stock,,,,,,,,,,
CTSH,Cognizant Technology Solutions Corporation Class A,stock,,,,,,,,,,
EA,Electronic Arts Inc.,stock,,,,,,,,,,
KMI,Kinder Morgan Inc Class P,stock,,,,,,,,,,
MCHP,Microchip Technology Incorporated,stock,,,,,,,,,,
AZO,AutoZone Inc.,stock,,,,,,,,,,
BAX,Baxter International Inc.,stock,,,,,,,,,,
HLT,Hilton Worldwide Holdings Inc,stock,,,,,,,,,,
CMG,Chipotle Mexican Grill Inc.,stock,,,,,,,,,,
JCI,Johnson Controls International plc,stock,,,,,,,,,,
SBAC,SBA Communications Corp. Class A,stock,,,,,,,,,,
SPG,Simon Property Group Inc.,stock,,,,,,,,,,
MSI,Motorola Solutions Inc.,stock,,,,,,,,,,
GPN,Global Payments Inc.,stock,,,,,,,,,,
ALL,Allstate Corporation,stock,,,,,,,,,,
PEG,Public Service Enterprise Group Inc,stock,,,,,,,,,,
MSCI,MSCI Inc. Class A,stock,,,,,,,,,,
ED,Consolidated Edison Inc.,stock,,,,,,,,,,
PH,Parker-Hannifin Corporation,stock,,,,,,,,,,
AFL,Aflac Incorporated,stock,,,,,,,,,,
HAL,Halliburton Company,stock,,,,,,,,,,
MNST,Monster Beverage Corporation,stock,,,,,,,,,,
DD,DuPont de Nemours Inc.,stock,,,,,,,,,,
IFF,International Flavors & Fragrances Inc.,stock,,,,,,,,,,
NUE,Nucor Corporation,stock,,,,,,,,,,
KR,Kroger Co.,stock,,,,,,,,,,
WEC,WEC Energy Group Inc,stock,,,,,,,,,,
CARR,Carrier Global Corp.,stock,,,,,,,,,,
BK,Bank of New York Mellon Corp,stock,,,,,,,,,,
YUM,Yum! Brands Inc.,stock,,,,,,,,,,
AJG,Arthur J. Gallagher & Co.,stock,,,,,,,,,,
CTAS,Cintas Corporation,stock,,,,,,,,,,
IDXX,IDEXX Laboratories Inc.,stock,,,,,,,,,,
BKR,Baker Hughes Company Class A,stock,,,,,,,,,,
OTIS,Otis Worldwide Corporation,stock,,,,,,,,,,
HES,Hess Corporation,stock,,,,,,,,,,
DXCM,DexCom Inc.,stock,,,,,,,,,,
ES,Eversource Energy,stock,,,,,,,,,,
TT,Trane Technologies plc,stock,,,,,,,,,,
TWTR,Twitter Inc.,stock,,,,,,,,,,
HSY,Hershey Company,stock,,,,,,,,,,
DFS,Discover Financial Services,stock,,,,,,,,,,
FAST,Fastenal Company,stock,,,,,,,,,,
WBA,Walgreens Boots Alliance Inc,stock,,,,,,,,,,
BIIB,Biogen Inc.,stock,,,,,,,,,,
MTB,M&T Bank Corporation,stock,,,,,,,,,,
TDG,TransDigm Group Incorporated,stock,,,,,,,,,,
RMD,ResMed Inc.,stock,,,,,,,,,,
DLTR,Dollar Tree Inc.,stock,,,,,,,,,,
AMP,Ameriprise Financial Inc.,stock,,,,,,,,,,
MTD,Mettler-Toledo International Inc.,stock,,,,,,,,,,
LYB,LyondellBasell Industries NV,stock,,,,,,,,,,
PPG,PPG Industries Inc.,stock,,,,,,,,,,
CMI,Cummins Inc.,stock,,,,,,,,,,
OKE,ONEOK Inc.,stock,,,,,,,,,,
WY,Weyerhaeuser Company,stock,,,,,,,,,,
AVB,AvalonBay Communities Inc.,stock,,,,,,,,,,
TROW,T. Rowe Price Group,stock,,,,,,,,,,
EBAY,eBay Inc.,stock,,,,,,,,,,
CERN,Cerner Corporation,stock,,,,,,,,,,
PCAR,PACCAR Inc,stock,,,,,,,,,,
ALB,Albemarle Corporation,stock,,,,,,,,,,
VRSK,Verisk Analytics Inc,stock,,,,,,,,,,
KHC,Kraft Heinz Company,stock,,,,,,,,,,
RSG,Republic Services Inc.,stock,,,,,,,,,,
AME,AMETEK Inc.,stock,,,,,,,,,,
CBRE,CBRE Group Inc. Class A,stock,,,,,,,,,,
AWK,American Water Works Company Inc.,stock,,,,,,,,,,
FRC,First Republic Bank,stock,,,,,,,,,,
ROST,Ross Stores Inc.,stock,,,,,,,,,,
SIVB,SVB Financial Group,stock,,,,,,,,,,
KEYS,Keysight Technologies Inc,stock,,,,,,,,,,
APTV,Aptiv PLC,stock,,,,,,,,,,
LUV,Southwest Airlines Co.,stock,,,,,,,,,,
EQR,Equity Residential,stock,,,,,,,,,,
TSN,Tyson Foods Inc. Class A,stock,,,,,,,,,,
EIX,Edison International,stock,,,,,,,,,,
DTE,DTE Energy Company,stock,,,,,,,,,,
CTRA,Coterra Energy Inc.,stock,,,,,,,,,,
GLW,Corning Inc,stock,,,,,,,,,,
DAL,Delta Air Lines Inc.,stock,,,,,,,,,,
STT,State Street Corporation,stock,,,,,,,,,,
ZBH,Zimmer Biomet Holdings Inc.,stock,,,,,,,,,,
FITB,Fifth Third Bancorp,stock,,,,,,,,,,
WTW,Willis Towers Watson Public Limited Company,stock,,,,,,,,,,
FE,FirstEnergy Corp.,stock,,,,,,,,,,
CPRT,Copart Inc.,stock,,,,,,,,,,
AEE,Ameren Corporation,stock,,,,,,,,,,
EFX,Equifax Inc.,stock,,,,,,,,,,
ETR,Entergy Corporation,stock,,,,,,,,,,
ARE,Alexandria Real Estate Equities Inc.,stock,,,,,,,,,,
LH,Laboratory Corporation of America Holdings,stock,,,,,,,,,,
ROK,Rockwell Automation Inc.,stock,,,,,,,,,,
ANET,Arista Networks Inc.,stock,,,,,,,,,,
EXR,Extra Space Storage Inc.,stock,,,,,,,,,,
ODFL,Old Dominion Freight Line Inc.,stock,,,,,,,,,,
STE,STERIS Plc,stock,,,,,,,,,,
ABC,AmerisourceBergen Corporation,stock,,,,,,,,,,
ENPH,Enphase Energy Inc.,stock,,,,,,,,,,
VTR,Ventas Inc.,stock,,,,,,,,,,
BALL,Ball Corporation,stock,,,,,,,,,,
MKC,McCormick & Company Incorporated,stock,,,,,,,,,,
HIG,Hartford Financial Services Group Inc.,stock,,,,,,,,,,
DHI,D.R. Horton Inc.,stock,,,,,,,,,,
WST,West Pharmaceutical Services Inc.,stock,,,,,,,,,,
PPL,PPL Corporation,stock,,,,,,,,,,
FANG,Diamondback Energy Inc.,stock,,,,,,,,,,
ANSS,ANSYS Inc.,stock,,,,,,,,,,
CDW,CDW Corp.,stock,,,,,,,,,,
MTCH,Match Group Inc.,stock,,,,,,,,,,
CHD,Church & Dwight Co. Inc.,stock,,,,,,,,,,
NTRS,Northern Trust Corporation,stock,,,,,,,,,,
MOS,Mosaic Company,stock,,,,,,,,,,
MRO,Marathon Oil Corporation,stock,,,,,,,,,,
VMC,Vulcan Materials Company,stock,,,,,,,,,,
FTV,Fortive Corp.,stock,,,,,,,,,,
IT,Gartner Inc.,stock,,,,,,,,,,
CF,CF Industries Holdings Inc.,stock,,,,,,,,,,
TSCO,Tractor Supply Company,stock,,,,,,,,,,
MLM,Martin Marietta Materials Inc.,stock,,,,,,,,,,
GWW,W.W. Grainger Inc.,stock,,,,,,,,,,
ALGN,Align Technology Inc.,stock,,,,,,,,,,
MAA,Mid-America Apartment Communities Inc.,stock,,,,,,,,,,
CMS,CMS Energy Corporation,stock,,,,,,,,,,
AMCR,Amcor PLC,stock,,,,,,,,,,
PARA,Paramount Global Class B,stock,,,,,,,,,,
HOLX,Hologic Inc.,stock,,,,,,,,,,
WAT,Waters Corporation,stock,,,,,,,,,,
LEN,Lennar Corporation Class A,stock,,,,,,,,,,
URI,United Rentals Inc.,stock,,,,,,,,,,
DRE,Duke Realty Corporation,stock,,,,,,,,,,
CNP,CenterPoint Energy Inc.,stock,,,,,,,,,,
RF,Regions Financial Corporation,stock,,,,,,,,,,
HBAN,Huntington Bancshares Incorporated,stock,,,,,,,,,,
SWK,Stanley Black & Decker Inc.,stock,,,,,,,,,,
DOV,Dover Corporation,stock,,,,,,,,,,
FLT,FLEETCOR Technologies Inc.,stock,,,,,,,,,,
EXPE,Expedia Group Inc.,stock,,,,,,,,,,
ULTA,Ulta Beauty Inc,stock,,,,,,,,,,
CFG,Citizens Financial Group Inc.,stock,,,,,,,,,,
IP,International Paper Company,stock,,,,,,,,,,
PKI,PerkinElmer Inc.,stock,,,,,,,,,,
HPE,Hewlett Packard Enterprise Co.,stock,,,,,,,,,,
CEG,Constellation Energy Corporation,stock,,,,,,,,,,
GPC,Genuine Parts Company,stock,,,,,,,,,,
TTWO,Take-Two Interactive Software Inc.,stock,,,,,,,,,,
ESS,Essex Property Trust Inc.,stock,,,,,,,,,,
CINF,Cincinnati Financial Corporation,stock,,,,,,,,,,
EPAM,EPAM Systems Inc.,stock,,,,,,,,,,
IR,Ingersoll Rand Inc.,stock,,,,,,,,,,
MOH,Molina Healthcare Inc.,stock,,,,,,,,,,
MPWR,Monolithic Power Systems Inc.,stock,,,,,,,,,,
TDY,Teledyne Technologies Incorporated,stock,,,,,,,,,,
CTLT,Catalent Inc,stock,,,,,,,,,,
EXPD,Expeditors International of Washington Inc.,stock,,,,,,,,,,
WDC,Western Digital Corporation,stock,,,,,,,,,,
J,Jacobs Engineering Group Inc.,stock,,,,,,,,,,
ZBRA,Zebra Technologies Corporation Class A,stock,,,,,,,,,,
K,Kellogg Company,stock,,,,,,,,,,
KEY,KeyCorp,stock,,,,,,,,,,
RJF,Raymond James Financial Inc.,stock,,,,,,,,,,
SWKS,Skyworks Solutions Inc.,stock,,,,,,,,,,
CLX,Clorox Company,stock,,,,,,,,,,
SYF,Synchrony Financial,stock,,,,,,,,,,
NDAQ,Nasdaq Inc.,stock,,,,,,,,,,
PFG,Principal Financial Group Inc.,stock,,,,,,,,,,
DGX,Quest Diagnostics Incorporated,stock,,,,,,,,,,
COO,Cooper Companies Inc.,stock,,,,,,,,,,
TER,Teradyne Inc.,stock,,,,,,,,,,
WAB,Westinghouse Air Brake Technologies Corporation,stock,,,,,,,,,,
CE,Celanese Corporation,stock,,,,,,,,,,
TRMB,Trimble Inc.,stock,,,,,,,,,,
POOL,Pool Corporation,stock,,,,,,,,,,
PWR,Quanta Services Inc.,stock,,,,,,,,,,
BR,Broadridge Financial Solutions Inc.,stock,,,,,,,,,,
VRSN,VeriSign Inc.,stock,,,,,,,,,,
STX,Seagate Technology Holdings PLC,stock,,,,,,,,,,
AKAM,Akamai Technologies Inc.,stock,,,,,,,,,,
PEAK,Healthpeak Properties Inc.,stock,,,,,,,,,,
BBY,Best Buy Co. Inc.,stock,,,,,,,,,,
OMC,Omnicom Group Inc,stock,,,,,,,,,,
CAH,Cardinal Health Inc.,stock,,,,,,,,,,
EVRG,Evergy Inc.,stock,,,,,,,,,,
FMC,FMC Corporation,stock,,,,,,,,,,
VFC,V.F. Corporation,stock,,,,,,,,,,
CAG,Conagra Brands Inc.,stock,,,,,,,,,,
ATO,Atmos Energy Corporation,stock,,,,,,,,,,
APA,APA Corp.,stock,,,,,,,,,,
GRMN,Garmin Ltd.,stock,,,,,,,,,,
KMX,CarMax Inc.,stock,,,,,,,,,,
DRI,Darden Restaurants Inc.,stock,,,,,,,,,,
BXP,Boston Properties Inc.,stock,,,,,,,,,,
NTAP,NetApp Inc.,stock,,,,,,,,,,
XYL,Xylem Inc.,stock,,,,,,,,,,
LNT,Alliant Energy Corp,stock,,,,,,,,,,
IRM,Iron Mountain Inc.,stock,,,,,,,,,,
CPT,Camden Property Trust,stock,,,,,,,,,,
VTRS,Viatris Inc.,stock,,,,,,,,,,
TECH,Bio-Techne Corporation,stock,,,,,,,,,,
PKG,Packaging Corporation of America,stock,,,,,,,,,,
LDOS,Leidos Holdings Inc.,stock,,,,,,,,,,
NLOK,NortonLifeLock Inc.,stock,,,,,,,,,,
IEX,IDEX Corporation,stock,,,,,,,,,,
INCY,Incyte Corporation,stock,,,,,,,,,,
UAL,United Airlines Holdings Inc.,stock,,,,,,,,,,
UDR,UDR Inc.,stock,,,,,,,,,,
WRB,W. R. Berkley Corporation,stock,,,,,,,,,,
TYL,Tyler Technologies Inc.,stock,,,,,,,,,,
NVR,NVR Inc.,stock,,,,,,,,,,
GNRC,Generac Holdings Inc.,stock,,,,,,,,,,
JBHT,J.B. Hunt Transport Services Inc.,stock,,,,,,,,,,
FDS,FactSet Research Systems Inc.,stock,,,,,,,,,,
TXT,Textron Inc.,stock,,,,,,,,,,
AES,AES Corporation,stock,,,,,,,,,,
HRL,Hormel Foods Corporation,stock,,,,,,,,,,
AVY,Avery Dennison Corporation,stock,,,,,,,,,,
KIM,Kimco Realty Corporation,stock,,,,,,,,,,
SJM,J.M. Smucker Company,stock,,,,,,,,,,
SEDG,SolarEdge Technologies Inc.,stock,,,,,,,,,,
CHRW,C.H. Robinson Worldwide Inc.,stock,,,,,,,,,,
TFX,Teleflex Incorporated,stock,,,,,,,,,,
PAYC,Paycom Software Inc.,stock,,,,,,,,,,
HST,Host Hotels & Resorts Inc.,stock,,,,,,,,,,
JKHY,Jack Henry & Associates Inc.,stock,,,,,,,,,,
EMN,Eastman Chemical Company,stock,,,,,,,,,,
LKQ,LKQ Corporation,stock,,,,,,,,,,
MAS,Masco Corporation,stock,,,,,,,,,,
MGM,MGM Resorts International,stock,,,,,,,,,,
BRO,Brown & Brown Inc.,stock,,,,,,,,,,
HWM,Howmet Aerospace Inc.,stock,,,,,,,,,,
DPZ,Domino's Pizza Inc.,stock,,,,,,,,,,
RCL,Royal Caribbean Group,stock,,,,,,,,,,
L,Loews Corporation,stock,,,,,,,,,,
CTXS,Citrix Systems Inc.,stock,,,,,,,,,,
LYV,Live Nation Entertainment Inc.,stock,,,,,,,,,,
IPG,Interpublic Group of Companies Inc.,stock,,,,,,,,,,
SBNY,Signature Bank,stock,,,,,,,,,,
PTC,PTC Inc.,stock,,,,,,,,,,
QRVO,Qorvo Inc.,stock,,,,,,,,,,
NI,NiSource Inc,stock,,,,,,,,,,
WRK,WestRock Company,stock,,,,,,,,,,
CRL,Charles River Laboratories International Inc.,stock,,,,,,,,,,
HSIC,Henry Schein Inc.,stock,,,,,,,,,,
LVS,Las Vegas Sands Corp.,stock,,,,,,,,,,
BF.B,Brown-Forman Corporation Class B,stock,,,,,,,,,,
CBOE,Cboe Global Markets Inc,stock,,,,,,,,,,
AAP,Advance Auto Parts Inc.,stock,,,,,,,,,,
SNA,Snap-on Incorporated,stock,,,,,,,,,,
NRG,NRG Energy Inc.,stock,,,,,,,,,,
BIO,Bio-Rad Laboratories Inc. Class A,stock,,,,,,,,,,
NDSN,Nordson Corporation,stock,,,,,,,,,,
HAS,Hasbro Inc.,stock,,,,,,,,,,
PHM,PulteGroup Inc.,stock,,,,,,,,,,
RE,Everest Re Group Ltd.,stock,,,,,,,,,,
CZR,Caesars Entertainment Inc,stock,,,,,,,,,,
FOXA,Fox Corporation Class A,stock,,,,,,,,,,
ABMD,ABIOMED Inc.,stock,,,,,,,,,,
MKTX,MarketAxess Holdings Inc.,stock,,,,,,,,,,
AAL,American Airlines Group Inc.,stock,,,,,,,,,,
CCL,Carnival Corporation,stock,,,,,,,,,,
WHR,Whirlpool Corporation,stock,,,,,,,,,,
LUMN,Lumen Technologies Inc.,stock,,,,,,,,,,
BBWI,Bath & Body Works Inc.,stock,,,,,,,,,,
AIZ,Assurant Inc.,stock,,,,,,,,,,
ETSY,Etsy Inc.,stock,,,,,,,,,,
RHI,Robert Half International Inc.,stock,,,,,,,,,,
ALLE,Allegion PLC,stock,,,,,,,,,,
CMA,Comerica Incorporated,stock,,,,,,,,,,
TAP,Molson Coors Beverage Company Class B,stock,,,,,,,,,,
REG,Regency Centers Corporation,stock,,,,,,,,,,
OGN,Organon & Co.,stock,,,,,,,,,,
CPB,Campbell Soup Company,stock,,,,,,,,,,
FFIV,F5 Inc.,stock,,,,,,,,,,
JNPR,Juniper Networks Inc.,stock,,,,,,,,,,
FBHS,Fortune Brands Home & Security Inc.,stock,,,,,,,,,,
NLSN,Nielsen Holdings Plc,stock,,,,,,,,,,
BWA,BorgWarner Inc.,stock,,,,,,,,,,
LW,Lamb Weston Holdings Inc.,stock,,,,,,,,,,
SEE,Sealed Air Corporation,stock,,,,,,,,,,
LNC,Lincoln National Corporation,stock,,,,,,,,,,
UHS,Universal Health Services Inc. Class B,stock,,,,,,,,,,
GL,Globe Life Inc.,stock,,,,,,,,,,
PNW,Pinnacle West Capital Corporation,stock,,,,,,,,,,
TPR,Tapestry Inc.,stock,,,,,,,,,,
XRAY,DENTSPLY SIRONA Inc.,stock,,,,,,,,,,
PNR,Pentair plc,stock,,,,,,,,,,
HII,Huntington Ingalls Industries Inc.,stock,,,,,,,,,,
ZION,Zions Bancorporation N.A.,stock,,,,,,,,,,
ROL,Rollins Inc.,stock,,,,,,,,,,
AOS,A. O. Smith Corporation,stock,,,,,,,,,,
FRT,Federal Realty Investment Trust,stock,,,,,,,,,,
CDAY,Ceridian HCM Holding Inc.,stock,,,,,,,,,,
MHK,Mohawk Industries Inc.,stock,,,,,,,,,,
DXC,DXC Technology Co.,stock,,,,,,,,,,
NWL,Newell Brands Inc,stock,,,,,,,,,,
BEN,Franklin Resources Inc.,stock,,,,,,,,,,
NWSA,News Corporation Class A,stock,,,,,,,,,,
WYNN,Wynn Resorts Limited,stock,,,,,,,,,,
NCLH,Norwegian Cruise Line Holdings Ltd.,stock,,,,,,,,,,
IVZ,Invesco Ltd.,stock,,,,,,,,,,
DVA,DaVita Inc.,stock,,,,,,,,,,
ALK,Alaska Air Group Inc.,stock,,,,,,,,,,
VNO,Vornado Realty Trust,stock,,,,,,,,,,
PENN,Penn National Gaming Inc.,stock,,,,,,,,,,
DISH,DISH Network Corporation Class A,stock,,,,,,,,,,
PVH,PVH Corp.,stock,,,,,,,,,,
FOX,Fox Corporation Class B,stock,,,,,,,,,,
RL,Ralph Lauren Corporation Class A,stock,,,,,,,,,,
IPGP,IPG Photonics Corporation,stock,,,,,,,,,,
NWS,News Corporation Class B,stock,,,,,,,,,,
UAA,Under Armour Inc. Class A,stock,,,,,,,,,,
UA,Under Armour Inc. Class C,stock,,,,,,,,,,
EMBC,Embecta Corporation,stock,,,,,,,,,,
BTC,Bitcoin,crypto,,,,,,,,,,
ETH,Ethereum,crypto,,,,,,,,,,
USDT,Tether,crypto,,,,,,,,,,
USDC,USD Coin,crypto,,,,,,,,,,
BNB,BNB,crypto,,,,,,,,,,
XRP,XRP,crypto,,,,,,,,,,
BUSD,Binance USD,crypto,,,,,,,,,,
ADA,Cardano,crypto,,,,,,,,,,
SOL,Solana,crypto,,,,,,,,,,
DOGE,Dogecoin,crypto,,,,,,,,,,
DOT,Polkadot,crypto,,,,,,,,,,
AVAX,Avalanche,crypto,,,,,,,,,,
WBTC,Wrapped Bitcoin,crypto,,,,,,,,,,
TRX,TRON,crypto,,,,,,,,,,
DAI,Dai,crypto,,,,,,,,,,
SHIB,SHIBA INU,crypto,,,,,,,,,,
MATIC,Polygon,crypto,,,,,,,,,,
LTC,Litecoin,crypto,,,,,,,,,,
CRO,Cronos,crypto,,,,,,,,,,
LEO,UNUS SED LEO,crypto,,,,,,,,,,
NEAR,NEAR Protocol,crypto,,,,,,,,,,
FTT,FTX Token,crypto,,,,,,,,,,
UNI,Uniswap,crypto,,,,,,,,,,
BCH,Bitcoin Cash,crypto,,,,,,,,,,
XMR,Monero,crypto,,,,,,,,,,
LINK,Chainlink,crypto,,,,,,,,,,
ATOM,Cosmos,crypto,,,,,,,,,,
XLM,Stellar,crypto,,,,,,,,,,
BTCB,Bitcoin BEP2,crypto,,,,,,,,,,
ETC,Ethereum Classic,crypto,,,,,,,,,,
FLOW,Flow,crypto,,,,,,,,,,
ALGO,Algorand,crypto,,,,,,,,,,
APE,ApeCoin,crypto,,,,,,,,,,
HBAR,Hedera,crypto,,,,,,,,,,
VET,VeChain,crypto,,,,,,,,,,
EGLD,Elrond,crypto,,,,,,,,,,
MANA,Decentraland,crypto,,,,,,,,,,
ICP,Internet Computer,crypto,,,,,,,,,,
FIL,Filecoin,crypto,,,,,,,,,,
XTZ,Tezos,crypto,,,,,,,,,,
SAND,The Sandbox,crypto,,,,,,,,,,
KCS,KuCoin Token,crypto,,,,,,,,,,
ZEC,Zcash,crypto,,,,,,,,,,
AAVE,Aave,crypto,,,,,,,,,,
KLAY,Klaytn,crypto,,,,,,,,,,
AXS,Axie Infinity,crypto,,,,,,,,,,
EOS,EOS,crypto,,,,,,,,,,
MKR,Maker,crypto,,,,,,,,,,
THETA,Theta Network,crypto,,,,,,,,,,
TUSD,TrueUSD,crypto,,,,,,,,,,
FTM,Fantom,crypto,,,,,,,,,,
GRT,The Graph,crypto,,,,,,,,,,
LUNA,Terra,crypto,,,,,,,,,,
HT,Huobi Token,crypto,,,,,,,,,,
BTT,BitTorrent (New),crypto,,,,,,,,,,
RUNE,THORChain,crypto,,,,,,,,,,
BSV,Bitcoin SV,crypto,,,,,,,,,,
XEC,eCash,crypto,,,,,,,,,,
MIOTA,IOTA,crypto,,,,,,,,,,
HNT,Helium,crypto,,,,,,,,,,
USDP,Pax Dollar,crypto,,,,,,,,,,
CAKE,PancakeSwap,crypto,,,,,,,,,,
GMT,STEPN,crypto,,,,,,,,,,
QNT,Quant,crypto,,,,,,,,,,
USDN,Neutrino USD,crypto,,,,,,,,,,
NEO,Neo,crypto,,,,,,,,,,
LRC,Loopring,crypto,,,,,,,,,,
UST,TerraUSD,crypto,,,,,,,,,,
OKB,OKB,crypto,,,,,,,,,,
STX,Stacks,crypto,,,,,,,,,,
NEXO,Nexo,crypto,,,,,,,,,,
CHZ,Chiliz,crypto,,,,,,,,,,
KSM,Kusama,crypto,,,,,,,,,,
ZIL,Zilliqa,crypto,,,,,,,,,,
DASH,Dash,crypto,,,,,,,,,,
WAVES,Waves,crypto,,,,,,,,,,
CVX,Convex Finance,crypto,,,,,,,,,,
ENJ,Enjin Coin,crypto,,,,,,,,,,
PAXG,PAX Gold,crypto,,,,,,,,,,
CRV,Curve DAO Token,crypto,,,,,,,,,,
BAT,Basic Attention Token,crypto,,,,,,,,,,
ONE,Harmony,crypto,,,,,,,,,,
GALA,Gala,crypto,,,,,,,,,,
CELO,Celo,crypto,,,,,,,,,,
AMP,Amp,crypto,,,,,,,,,,
GNO,Gnosis,crypto,,,,,,,,,,
DCR,Decred,crypto,,,,,,,,,,
KAVA,Kava.io,crypto,,,,,,,,,,
MINA,Mina,crypto,,,,,,,,,,
XDC,XDC Network,crypto,,,,,,,,,,
XEM,NEM,crypto,,,,,,,,,,
AR,Arweave,crypto,,,,,,,,,,
COMP,Compound,crypto,,,,,,,,,,
USDD,USDD,crypto,,,,,,,,,,
KDA,Kadena,crypto,,,,,,,,,,
GT,GateToken,crypto,,,,,,,,,,
HOT,Holo,crypto,,,,,,,,,,
QTUM,Qtum,crypto,,,,,,,,,,
BTG,Bitcoin Gold,crypto,,,,,,,,,,
FEI,Fei USD,crypto,,,,,,,,,,
